2017,Virginia,District 1,Democratic Party,Alicia D. Kallen,4639,False
2017,Virginia,District 1,Republican Party,Terry G. Kilgore,14848,True
2017,Virginia,District 1,Write-In,Write In,42,False
2017,Virginia,District 2,Democratic Party,Jennifer D. Carroll Foy,13366,True
2017,Virginia,District 2,Republican Party,Mike D. Makee,7803,False
2017,Virginia,District 2,Write-In,Write In,33,False
2017,Virginia,District 3,Democratic Party,"W. C. ""Bill"" Bunch, Jr.",3759,False
2017,Virginia,District 3,Republican Party,"James W. ""Will"" Morefield",13572,True
2017,Virginia,District 3,Write-In,Write In,40,False
2017,Virginia,District 4,Republican Party,Todd E. Pillion,15282,True
2017,Virginia,District 4,Write-In,Write In,596,False
2017,Virginia,District 5,Republican Party,Israel D. O'Quinn,18402,True
2017,Virginia,District 5,Write-In,Write In,518,False
2017,Virginia,District 6,Republican Party,Jeffrey L. Campbell,16795,True
2017,Virginia,District 6,Independent Party,Kenneth D. Browning,3695,False
2017,Virginia,District 6,Write-In,Write In,167,False
2017,Virginia,District 7,Democratic Party,Flourette M. Ketner,8878,False
2017,Virginia,District 7,Republican Party,"Larry N. ""Nick"" Rush",17560,True
2017,Virginia,District 7,Write-In,Write In,30,False
2017,Virginia,District 8,Democratic Party,Steve G. McBride ,10294,False
2017,Virginia,District 8,Republican Party,Gregory D. Habeeb,18311,True
2017,Virginia,District 8,Write-In,Write In,54,False
2017,Virginia,District 9,Democratic Party,Stephanie C. Cook ,6916,False
2017,Virginia,District 9,Republican Party,Charles D. Poindexter,16413,True
2017,Virginia,District 9,Write-In,Write In,27,False
2017,Virginia,District 10,Democratic Party,Wendy W. Gooditis,15161,True
2017,Virginia,District 10,Republican Party,J. Randall Minchew,14025,False
2017,Virginia,District 10,Write-In,Write In,26,False
2017,Virginia,District 11,Democratic Party,"S. ""Sam"" Rasoul",15667,True
2017,Virginia,District 11,Write-In,Write In,496,False
2017,Virginia,District 12,Democratic Party,Chris L. Hurst,12495,True
2017,Virginia,District 12,Republican Party,Joseph R. Yost,10458,False
2017,Virginia,District 12,Write-In,Write In,36,False
2017,Virginia,District 13,Democratic Party,Danica A. Roem,12077,True
2017,Virginia,District 13,Republican Party,"Robert G. ""Bob"" Marshall",10318,False
2017,Virginia,District 13,Write-In,Write In,88,False
2017,Virginia,District 14,Republican Party,"D. W. ""Danny"" Marshall III",15505,True
2017,Virginia,District 14,Write-In,Write In,507,False
2017,Virginia,District 15,Republican Party,C. Todd Gilbert,19284,True
2017,Virginia,District 15,Write-In,Write In,1171,False
2017,Virginia,District 16,Republican Party,Les R. Adams,16513,True
2017,Virginia,District 16,Write-In,Write In,668,False
2017,Virginia,District 17,Democratic Party,Djuna L. Osborne,10378,False
2017,Virginia,District 17,Republican Party,Christopher T. Head,15997,True
2017,Virginia,District 17,Write-In,Write In,39,False
2017,Virginia,District 18,Democratic Party,Tristan D. Shields,9486,False
2017,Virginia,District 18,Republican Party,Michael J. Webert,16686,True
2017,Virginia,District 18,Green Party,Wilton King,1433,False
2017,Virginia,District 18,Write-In,Write In,35,False
2017,Virginia,District 19,Republican Party,Terry L. Austin,20966,True
2017,Virginia,District 19,Write-In,Write In,803,False
2017,Virginia,District 20,Democratic Party,Michele Dixon Edwards,11197,False
2017,Virginia,District 20,Republican Party,"Richard P. ""Dickie"" Bell",14344,True
2017,Virginia,District 20,Libertarian Party,"William M. ""Will"" Hammer",745,False
2017,Virginia,District 20,Write-In,Write In,19,False
2017,Virginia,District 21,Democratic Party,Kelly K. Convirs-Fowler,12540,True
2017,Virginia,District 21,Republican Party,Ron A. Villanueva,11309,False
2017,Virginia,District 21,Write-In,Write In,56,False
2017,Virginia,District 22,Republican Party,Kathy J. Byron,19014,True
2017,Virginia,District 22,Write-In,Write In,755,False
2017,Virginia,District 23,Democratic Party,Natalie A. Short,9050,False
2017,Virginia,District 23,Republican Party,T. Scott Garrett,17370,True
2017,Virginia,District 23,Write-In,Write In,36,False
2017,Virginia,District 24,Republican Party,Ben L. Cline,17351,True
2017,Virginia,District 24,Independent Party,John C. Winfrey,6683,False
2017,Virginia,District 24,Write-In,Write In,101,False
2017,Virginia,District 25,Democratic Party,Angela M. Lynn,12783,False
2017,Virginia,District 25,Republican Party,"R. Steven ""Steve"" Landes",17688,True
2017,Virginia,District 25,Write-In,Write In,39,False
2017,Virginia,District 26,Democratic Party,Brent M. Finnegan,9234,False
2017,Virginia,District 26,Republican Party,Tony O. Wilt,11106,True
2017,Virginia,District 26,Write-In,Write In,30,False
2017,Virginia,District 27,Democratic Party,Larry V. Barnett,14333,False
2017,Virginia,District 27,Republican Party,Roxann L. Robinson,14461,True
2017,Virginia,District 27,Write-In,Write In,35,False
2017,Virginia,District 28,Democratic Party,Joshua G. Cole,11760,False
2017,Virginia,District 28,Republican Party,"Robert M. ""Bob"" Thomas, Jr.",11842,True
2017,Virginia,District 28,Write-In,Write In,45,False
2017,Virginia,District 29,Democratic Party,Casey S. Turben,8390,False
2017,Virginia,District 29,Republican Party,Christopher E. Collins,15139,True
2017,Virginia,District 29,Write-In,Write In,49,False
2017,Virginia,District 30,Democratic Party,Samuel Ben Hixon,9333,False
2017,Virginia,District 30,Republican Party,Nick J. Freitas,15355,True
2017,Virginia,District 30,Write-In,Write In,21,False
2017,Virginia,District 31,Democratic Party,Elizabeth R. Guzman,15466,True
2017,Virginia,District 31,Republican Party,L. Scott Lingamfelter,12658,False
2017,Virginia,District 31,Independent Party,Nathan D. Larson,481,False
2017,Virginia,District 31,Write-In,Write In,39,False
2017,Virginia,District 32,Democratic Party,David A. Reid,17865,True
2017,Virginia,District 32,Republican Party,"Thomas A. ""Tag"" Greason",12653,False
2017,Virginia,District 32,Write-In,Write In,34,False
2017,Virginia,District 33,Democratic Party,Tia L. Walbridge,13770,False
2017,Virginia,District 33,Republican Party,Dave A. LaRock,16723,True
2017,Virginia,District 33,Write-In,Write In,46,False
2017,Virginia,District 34,Democratic Party,Kathleen J. Murphy,20522,True
2017,Virginia,District 34,Republican Party,Cheryl A. Buford,13146,False
2017,Virginia,District 34,Write-In,Write In,20,False
2017,Virginia,District 35,Democratic Party,Mark L. Keam,22596,True
2017,Virginia,District 35,Write-In,Write In,1718,False
2017,Virginia,District 36,Democratic Party,"Kenneth R. ""Ken"" Plum",24149,True
2017,Virginia,District 36,Write-In,Write In,1815,False
2017,Virginia,District 37,Democratic Party,David L. Bulova,18877,True
2017,Virginia,District 37,Write-In,Write In,1305,False
2017,Virginia,District 38,Democratic Party,L. Kaye Kory,16023,True
2017,Virginia,District 38,Republican Party,Paul B. Haring,5723,False
2017,Virginia,District 38,Write-In,Write In,51,False
2017,Virginia,District 39,Democratic Party,Vivian E. Watts,21407,True
2017,Virginia,District 39,Write-In,Write In,1705,False
2017,Virginia,District 40,Democratic Party,Donte T. Tanner,15004,False
2017,Virginia,District 40,Republican Party,"Timothy D. ""Tim"" Hugo",15110,True
2017,Virginia,District 40,Write-In,Write In,48,False
2017,Virginia,District 41,Democratic Party,Eileen Filler-Corn,22985,True
2017,Virginia,District 41,Write-In,Write In,2317,False
2017,Virginia,District 42,Democratic Party,Kathy K. L. Tran,18761,True
2017,Virginia,District 42,Republican Party,Lolita I. Mancheno-Smoak,11967,False
2017,Virginia,District 42,Write-In,Write In,45,False
2017,Virginia,District 43,Democratic Party,Mark D. Sickles,22094,True
2017,Virginia,District 43,Write-In,Write In,1576,False
2017,Virginia,District 44,Democratic Party,Paul E. Krizek,18243,True
2017,Virginia,District 44,Write-In,Write In,1421,False
2017,Virginia,District 45,Democratic Party,Mark H. Levine,31417,True
2017,Virginia,District 45,Write-In,Write In,1599,False
2017,Virginia,District 46,Democratic Party,Charniele L. Herring,18947,True
2017,Virginia,District 46,Write-In,Write In,706,False
2017,Virginia,District 47,Democratic Party,Patrick A. Hope,29706,True
2017,Virginia,District 47,Write-In,Write In,1171,False
2017,Virginia,District 48,Democratic Party,"R. C. ""Rip"" Sullivan, Jr.",27670,True
2017,Virginia,District 48,Write-In,Write In,1573,False
2017,Virginia,District 49,Democratic Party,Alfonso H. Lopez,19308,True
2017,Virginia,District 49,Republican Party,Adam Roosevelt,4391,False
2017,Virginia,District 49,Write-In,Write In,51,False
2017,Virginia,District 50,Democratic Party,Lee J. Carter,11366,True
2017,Virginia,District 50,Republican Party,Jackson Hunter Miller,9518,False
2017,Virginia,District 50,Write-In,Write In,40,False
2017,Virginia,District 51,Democratic Party,Hala S. Ayala,15244,True
2017,Virginia,District 51,Republican Party,Richard L. Anderson,13476,False
2017,Virginia,District 51,Write-In,Write In,51,False
2017,Virginia,District 52,Democratic Party,Luke E. Torian,14830,True
2017,Virginia,District 52,Write-In,Write In,1031,False
2017,Virginia,District 53,Democratic Party,Marcus B. Simon,19235,True
2017,Virginia,District 53,Independent Party,Mike S. Casey,6362,False
2017,Virginia,District 53,Write-In,Write In,298,False
2017,Virginia,District 54,Democratic Party,Al Durante,9982,False
2017,Virginia,District 54,Republican Party,"Robert D. ""Bobby"" Orrock",13782,True
2017,Virginia,District 54,Write-In,Write In,50,False
2017,Virginia,District 55,Democratic Party,Morgan K. Goodman,12056,False
2017,Virginia,District 55,Republican Party,"H. F. ""Buddy"" Fowler, Jr.",18087,True
2017,Virginia,District 55,Write-In,Write In,67,False
2017,Virginia,District 56,Democratic Party,Melissa M. Dart,12761,False
2017,Virginia,District 56,Republican Party,John J. McGuire III,18792,True
2017,Virginia,District 56,Write-In,Write In,43,False
2017,Virginia,District 57,Democratic Party,David J. Toscano,25419,True
2017,Virginia,District 57,Write-In,Write In,816,False
2017,Virginia,District 58,Democratic Party,Kellen J. Squire,11797,False
2017,Virginia,District 58,Republican Party,Robert B. Bell III,18652,True
2017,Virginia,District 58,Write-In,Write In,26,False
2017,Virginia,District 59,Democratic Party,Tracy L. Carver,8773,False
2017,Virginia,District 59,Republican Party,C. Matthew Fariss,15758,True
2017,Virginia,District 59,Green Party,Marcus T. Sutphin,297,False
2017,Virginia,District 59,Independent Party,David Wade Ball,863,False
2017,Virginia,District 59,Write-In,Write In,51,False
2017,Virginia,District 60,Democratic Party,Jamaal M. Johnston,8177,False
2017,Virginia,District 60,Republican Party,James E. Edmunds II,13330,True
2017,Virginia,District 60,Write-In,Write In,41,False
2017,Virginia,District 61,Republican Party,"Thomas C. Wright, Jr.",17507,True
2017,Virginia,District 61,Write-In,Write In,498,False
2017,Virginia,District 62,Democratic Party,Sheila Bynum-Coleman,11344,False
2017,Virginia,District 62,Republican Party,Riley Edward Ingram,12163,True
2017,Virginia,District 62,Write-In,Write In,37,False
2017,Virginia,District 63,Democratic Party,Lashrecse D. Aird,15623,True
2017,Virginia,District 63,Write-In,Write In,804,False
2017,Virginia,District 64,Democratic Party,Rebecca S. Colaw,11551,False
2017,Virginia,District 64,Republican Party,Emily M. Brewer,19223,True
2017,Virginia,District 64,Write-In,Write In,25,False
2017,Virginia,District 65,Democratic Party,Francis M. Stevens,12530,False
2017,Virginia,District 65,Republican Party,"R. Lee Ware, Jr.",22394,True
2017,Virginia,District 65,Write-In,Write In,59,False
2017,Virginia,District 66,Democratic Party,Katie A. Sponsler,10656,False
2017,Virginia,District 66,Republican Party,"M. Kirkland ""Kirk"" Cox",18572,True
2017,Virginia,District 66,Write-In,Write In,40,False
2017,Virginia,District 67,Democratic Party,Karrie K. Delaney,17036,True
2017,Virginia,District 67,Republican Party,"James M. ""Jim"" LeMunyon",12365,False
2017,Virginia,District 67,Write-In,Write In,42,False
2017,Virginia,District 68,Democratic Party,Dawn M. Adams,19761,True
2017,Virginia,District 68,Republican Party,"G. M. ""Manoli"" Loupassi",19425,False
2017,Virginia,District 68,Write-In,Write In,42,False
2017,Virginia,District 69,Democratic Party,Betsy B. Carr,19775,True
2017,Virginia,District 69,Libertarian Party,"Jacob A. ""Jake"" Crocker",1931,False
2017,Virginia,District 69,Green Party,Montigue T. Magruder,1062,False
2017,Virginia,District 69,Write-In,Write In,69,False
2017,Virginia,District 70,Democratic Party,Delores L. McQuinn,20391,True
2017,Virginia,District 70,Write-In,Write In,670,False
2017,Virginia,District 71,Democratic Party,Jeff M. Bourne,24287,True
2017,Virginia,District 71,Write-In,Write In,500,False
2017,Virginia,District 72,Democratic Party,Schuyler T. VanValkenburg,16655,True
2017,Virginia,District 72,Republican Party,Edward S. Whitlock III,14869,False
2017,Virginia,District 72,Write-In,Write In,74,False
2017,Virginia,District 73,Democratic Party,Debra H. Rodman,14697,True
2017,Virginia,District 73,Republican Party,John M. O'Bannon III,13803,False
2017,Virginia,District 73,Write-In,Write In,47,False
2017,Virginia,District 74,Democratic Party,Lamont Bagby,20041,True
2017,Virginia,District 74,Independent Party,Preston T. Brown,6146,False
2017,Virginia,District 74,Write-In,Write In,183,False
2017,Virginia,District 75,Democratic Party,Roslyn C. Tyler,16245,True
2017,Virginia,District 75,Write-In,Write In,1045,False
2017,Virginia,District 76,Republican Party,S. Chris Jones,22736,True
2017,Virginia,District 76,Write-In,Write In,1471,False
2017,Virginia,District 77,Democratic Party,"C. E. ""Cliff"" Hayes, Jr.",16483,True
2017,Virginia,District 77,Green Party,Jeff B. Staples,3362,False
2017,Virginia,District 77,Write-In,Write In,110,False
2017,Virginia,District 78,Republican Party,"J. A. ""Jay"" Leftwich, Jr.",20768,True
2017,Virginia,District 78,Write-In,Write In,1152,False
2017,Virginia,District 79,Democratic Party,Steve E. Heretick,12864,True
2017,Virginia,District 79,Write-In,Write In,636,False
2017,Virginia,District 80,Democratic Party,Matthew James,20292,True
2017,Virginia,District 80,Write-In,Write In,640,False
2017,Virginia,District 81,Democratic Party,Kimberly Anne Tucker,9127,False
2017,Virginia,District 81,Republican Party,Barry D. Knight,13162,True
2017,Virginia,District 81,Write-In,Write In,38,False
2017,Virginia,District 82,Democratic Party,Leigh Anne Bowling,11174,False
2017,Virginia,District 82,Republican Party,Jason S. Miyares,16048,True
2017,Virginia,District 82,Write-In,Write In,27,False
2017,Virginia,District 83,Democratic Party,David E. Rose-Carmack,10077,False
2017,Virginia,District 83,Republican Party,Chris P. Stolle,13173,True
2017,Virginia,District 83,Write-In,Write In,28,False
2017,Virginia,District 84,Democratic Party,Veronica R. Coleman,10093,False
2017,Virginia,District 84,Republican Party,"Glenn R. Davis, Jr.",10835,True
2017,Virginia,District 84,Write-In,Write In,48,False
2017,Virginia,District 85,Democratic Party,Cheryl B. Turpin,11843,True
2017,Virginia,District 85,Republican Party,"N. D. ""Rocky"" Holcomb III",11454,False
2017,Virginia,District 85,Write-In,Write In,48,False
2017,Virginia,District 86,Democratic Party,Jennifer B. Boysko,16865,True
2017,Virginia,District 86,Republican Party,Linda C. Schulz,7707,False
2017,Virginia,District 86,Write-In,Write In,40,False
2017,Virginia,District 87,Democratic Party,John J. Bell,18234,True
2017,Virginia,District 87,Republican Party,Subba R. Kolla,11236,False
2017,Virginia,District 87,Write-In,Write In,66,False
2017,Virginia,District 88,Democratic Party,Steve R. Aycock,9918,False
2017,Virginia,District 88,Republican Party,Mark L. Cole,14022,True
2017,Virginia,District 88,Green Party,Gerald L. Anderson,255,False
2017,Virginia,District 88,Independent Party,Amanda M. Blalock,2373,False
2017,Virginia,District 88,Write-In,Write In,37,False
2017,Virginia,District 89,Democratic Party,"Jerrauld C. ""Jay"" Jones",16541,True
2017,Virginia,District 89,Libertarian Party,Terry Richard Hurst,2944,False
2017,Virginia,District 89,Write-In,Write In,92,False
2017,Virginia,District 90,Democratic Party,"Joseph C. ""Joe"" Lindsey",15996,True
2017,Virginia,District 90,Write-In,Write In,446,False
2017,Virginia,District 91,Democratic Party,Michael B. Wade,10764,False
2017,Virginia,District 91,Republican Party,"Gordon C. Helsel, Jr.",13877,True
2017,Virginia,District 91,Write-In,Write In,43,False
2017,Virginia,District 92,Democratic Party,Jeion A. Ward,18873,True
2017,Virginia,District 92,Write-In,Write In,517,False
2017,Virginia,District 93,Democratic Party,Michael P. Mullin,15988,True
2017,Virginia,District 93,Republican Party,Heather L. Cordasco,10625,False
2017,Virginia,District 93,Write-In,Write In,40,False
2017,Virginia,District 94,Democratic Party,Shelly A. Simonds,11591,False
2017,Virginia,District 94,Republican Party,David E. Yancey,11601,True
2017,Virginia,District 94,Libertarian Party,Michael D. Bartley,675,False
2017,Virginia,District 94,Write-In,Write In,22,False
2017,Virginia,District 95,Democratic Party,"Marcia S. ""Cia"" Price",15766,True
2017,Virginia,District 95,Write-In,Write In,470,False
2017,Virginia,District 96,Democratic Party,Kelly A. DeLucia,14947,False
2017,Virginia,District 96,Republican Party,Brenda L. Pogge,19841,True
2017,Virginia,District 96,Write-In,Write In,56,False
2017,Virginia,District 97,Democratic Party,Cori E. Johnson,9319,False
2017,Virginia,District 97,Republican Party,Christopher K. Peace,24363,True
2017,Virginia,District 97,Write-In,Write In,62,False
2017,Virginia,District 98,Democratic Party,Sheila Crowley,9945,False
2017,Virginia,District 98,Republican Party,M. Keith Hodges,18561,True
2017,Virginia,District 98,Write-In,Write In,28,False
2017,Virginia,District 99,Democratic Party,Francis Nicholas Edwards,10043,False
2017,Virginia,District 99,Republican Party,Margaret Bevans Ransone,16548,True
2017,Virginia,District 99,Write-In,Write In,32,False
2017,Virginia,District 100,Democratic Party,Willie C. Randall,10720,False
2017,Virginia,District 100,Republican Party,"Robert S. Bloxom, Jr.",11720,True
2017,Virginia,District 100,Write-In,Write In,40,False
2017,New Jersey,District 1,Democratic,Bob Andrzejczak,32554,True
2017,New Jersey,District 1,Democratic,R. Bruce Land,30938,True
2017,New Jersey,District 1,Republican,James Sauro,20445,False
2017,New Jersey,District 1,Republican,Robert Campbell,20250,False
2017,New Jersey,District 2,Democratic,Vincent Mazzeo,27601,True
2017,New Jersey,District 2,Democratic,John Armato,25683,True
2017,New Jersey,District 2,Republican,Vince Sera,20814,False
2017,New Jersey,District 2,Republican,Brenda Taube,20611,False
2017,New Jersey,District 2,"Independent, Honest, Reliable",Heather Gordon,1208,False
2017,New Jersey,District 2,Green,Mico Lucide,718,False
2017,New Jersey,District 3,Democratic,John Burzichelli,31853,True
2017,New Jersey,District 3,Democratic,Adam Taliaferro,30733,True
2017,New Jersey,District 3,Republican,Philip Donohue,21758,False
2017,New Jersey,District 3,Republican,Linwood Donelson,20181,False
2017,New Jersey,District 3,One For All,Edward R. Durr,589,False
2017,New Jersey,District 4,Democratic,Edward R. Durr,32892,True
2017,New Jersey,District 4,Democratic,Gabriela Mosquera,31800,True
2017,New Jersey,District 4,Republican,Patricia Jefferson Kline,18386,False
2017,New Jersey,District 4,Republican,Eduardo Maldonado,17761,False
2017,New Jersey,District 4,"Represent, Not Rule",William McCauley Jr.,1194,False
2017,New Jersey,District 5,Democratic,Patricia Egan Jones,29282,True
2017,New Jersey,District 5,Democratic,Arthur Barclay,27544,True
2017,New Jersey,District 5,Republican,Teresa Gordon,14181,False
2017,New Jersey,District 5,Republican,Kevin Ehret,13625,False
2017,New Jersey,District 6,Democratic,Louis Greenwald,41767,True
2017,New Jersey,District 6,Democratic,Pamela Lampitt,40291,True
2017,New Jersey,District 6,Republican,David Moy,16811,False
2017,New Jersey,District 6,Republican,Winston Extavour,16335,False
2017,New Jersey,District 6,American Solidarity Party,Monica Sohler,821,False
2017,New Jersey,District 7,Democratic,"Herbert Conaway, Jr.",39879,True
2017,New Jersey,District 7,Democratic,"Herbert Conaway, Jr.",38819,True
2017,New Jersey,District 7,Republican,Octavia Scott,20941,False
2017,New Jersey,District 7,Republican,Robert Thibault,20726,False
2017,New Jersey,District 8,Republican,Joe Howarth,28841,True
2017,New Jersey,District 8,Republican,Ryan Peters,28671,True
2017,New Jersey,District 8,Democratic,Joanne Schwartz,28321,False
2017,New Jersey,District 8,Democratic,MaryAnn Merlino,28196,False
2017,New Jersey,District 8,No Status Quo,Ryan T. Calhoun,753,False
2017,New Jersey,District 9,Republican,Brian Rumpf,40158,True
2017,New Jersey,District 9,Republican,DiAnne Gove,39523,True
2017,New Jersey,District 9,Democratic,Jill Dobrowansky,23534,False
2017,New Jersey,District 9,Democratic,Ryan Young,22721,False
2017,New Jersey,District 10,Republican,Ryan Young,39265,True
2017,New Jersey,District 10,Republican,Gregory McGuckin,37896,True
2017,New Jersey,District 10,Democratic,Michael Cooke,23417,False
2017,New Jersey,District 10,Democratic,Raymond Baker,23174,False
2017,New Jersey,District 11,Democratic,Joann Downey,31347,True
2017,New Jersey,District 11,Democratic,Eric Houghtaling,31012,True
2017,New Jersey,District 11,Republican,Robert Acerra,25672,False
2017,New Jersey,District 11,Republican,Robert Acerra,25320,False
2017,New Jersey,District 12,Republican,Ronald Dancer,30348,True
2017,New Jersey,District 12,Republican,Robert Clifton,29610,True
2017,New Jersey,District 12,Democratic,Robert Clifton,21441,False
2017,New Jersey,District 12,Democratic,Nirav Patel,20397,False
2017,New Jersey,District 12,Libertarian,Anthony J. Storrow,1016,False
2017,New Jersey,District 12,Libertarian,Daniel A. Krause,938,False
2017,New Jersey,District 13,Republican,Amy Handlin,35990,True
2017,New Jersey,District 13,Republican,Serena DiMaso,34214,True
2017,New Jersey,District 13,Democratic,Tom Giaimo,27212,False
2017,New Jersey,District 13,Democratic,Mariel Didato,26640,False
2017,New Jersey,District 13,Libertarian,Eveline H. Brownstein,458,False
2017,New Jersey,District 14,Democratic,Wayne DeAngelo,35596,True
2017,New Jersey,District 14,Democratic,Daniel Benson,35088,True
2017,New Jersey,District 14,Republican,Kristian Stout,24725,False
2017,New Jersey,District 14,Republican,Steven Uccio,23106,False
2017,New Jersey,District 15,Democratic,Reed Gusciora,35481,True
2017,New Jersey,District 15,Democratic,Elizabeth Maher Muoio,34937,True
2017,New Jersey,District 15,Republican,Emily Rich,13077,False
2017,New Jersey,District 15,Republican,Rimma Yakobovich,12428,False
2017,New Jersey,District 16,Democratic,Andrew Zwicker,34233,True
2017,New Jersey,District 16,Democratic,Roy Freiman,32714,True
2017,New Jersey,District 16,Republican,Donna Simon,29674,False
2017,New Jersey,District 16,Republican,Mark Caliguire,29041,False
2017,New Jersey,District 17,Democratic,Joseph Egan,29149,True
2017,New Jersey,District 17,Democratic,Joseph Danielsen,28425,True
2017,New Jersey,District 17,Republican,Joseph Danielsen,11317,False
2017,New Jersey,District 17,Republican,Nadine Wilkins,11131,False
2017,New Jersey,District 17,It's Our Time,Michael Habib,875,False
2017,New Jersey,District 18,Democratic,Nancy Pinkin,30301,True
2017,New Jersey,District 18,Democratic,Robert Karabinchak,29376,True
2017,New Jersey,District 18,Republican,April Bengivenga,17559,False
2017,New Jersey,District 18,Republican,Zhiyu Hu,16484,False
2017,New Jersey,District 18,Green,Sean A. Stratton,1024,False
2017,New Jersey,District 19,Democratic,Craig Coughlin,25708,True
2017,New Jersey,District 19,Democratic,Yvonne Lopez,24830,True
2017,New Jersey,District 19,Republican,Deepak Malhotra,10709,False
2017,New Jersey,District 19,Republican,Amarjit Riar,9436,False
2017,New Jersey,District 19,Quality of Life,William Cruz,1488,False
2017,New Jersey,District 20,Democratic,Annette Quijano,24221,True
2017,New Jersey,District 20,Democratic,Jamel Holley,23790,True
2017,New Jersey,District 20,Republican,Joseph Aubourg,5361,False
2017,New Jersey,District 21,Republican,Jon Bramnick,35283,True
2017,New Jersey,District 21,Republican,Nancy Munoz,34273,True
2017,New Jersey,District 21,Democratic,Lacey Rzeszowski,32719,False
2017,New Jersey,District 21,Democratic,Bruce Bergen,31248,False
2017,New Jersey,District 22,Democratic,James J. Kennedy,27763,True
2017,New Jersey,District 22,Democratic,Gerald Green,27284,True
2017,New Jersey,District 22,Republican,Richard Fortunato,14631,False
2017,New Jersey,District 22,Republican,John Quattrocchi,13682,False
2017,New Jersey,District 22,Remember Those Forgotten,Onel Martinez,942,False
2017,New Jersey,District 22,Pushing Us Forward,Sumantha Prasad,818,False
2017,New Jersey,District 23,Republican,John DiMaio,33880,True
2017,New Jersey,District 23,Republican,Erik Peterson,32233,True
2017,New Jersey,District 23,Democratic,Laura Shaw,24386,False
2017,New Jersey,District 23,Democratic,Charles Boddy,21690,False
2017,New Jersey,District 23,End the Corruption,Tyler J. Gran,1921,False
2017,New Jersey,District 23,We Define Tomorrow,Michael Estrada,1256,False
2017,New Jersey,District 24,Republican,Parker Space,33873,True
2017,New Jersey,District 24,Republican,Harold Wirths,30820,True
2017,New Jersey,District 24,Democratic,Kate Matteson,22456,False
2017,New Jersey,District 24,Democratic,Gina Trish,20200,False
2017,New Jersey,District 24,Green,Aaron Hyndman,1568,False
2017,New Jersey,District 24,Green,Kenny Collins,1518,False
2017,New Jersey,District 25,Republican,Michael Carroll,30323,True
2017,New Jersey,District 25,Republican,"Anthony Bucco, Jr.",30278,True
2017,New Jersey,District 25,Democratic,Thomas Moran,27848,False
2017,New Jersey,District 25,Democratic,Richard Corcoran,27386,False
2017,New Jersey,District 26,Republican,Jay Webber,31810,True
2017,New Jersey,District 26,Republican,BettyLou DeCroce,31766,True
2017,New Jersey,District 26,Democratic,Joseph Raich,24732,False
2017,New Jersey,District 26,Democratic,William Edge,24362,False
2017,New Jersey,District 27,Democratic,John McKeon,39742,True
2017,New Jersey,District 27,Democratic,Mila Jasey,38311,True
2017,New Jersey,District 27,Republican,Ronald DeRose,20625,False
2017,New Jersey,District 27,Republican,Angelo Tedesco,20451,False
2017,New Jersey,District 28,Democratic,Ralph Caputo,30084,True
2017,New Jersey,District 28,Democratic,Cleopatra Tucker,29643,True
2017,New Jersey,District 28,Republican,Veronica Branch,4839,False
2017,New Jersey,District 28,Republican,James Boydston,4672,False
2017,New Jersey,District 28,Time for change,Joanne Miller,782,False
2017,New Jersey,District 28,A New Hope,Scott Thomas Nicastro Jr.,430,False
2017,New Jersey,District 29,Democratic,Eliana Pintor Marin,19088,True
2017,New Jersey,District 29,Democratic,Shanique Speight,18308,True
2017,New Jersey,District 29,Republican,Charles Hood,2622,False
2017,New Jersey,District 29,Republican,Jeannette Veras,2574,False
2017,New Jersey,District 30,Republican,Sean Kean,33672,True
2017,New Jersey,District 30,Republican,Edward Thomson,30680,True
2017,New Jersey,District 30,Democratic,Kevin Scott,18737,False
2017,New Jersey,District 30,Democratic,Eliot Colon,18160,False
2017,New Jersey,District 31,Democratic,Angela McKnight,23616,True
2017,New Jersey,District 31,Democratic,Nicholas Chiaravalloti,22823,True
2017,New Jersey,District 31,Republican,Michael Alonso,4994,False
2017,New Jersey,District 31,Republican,Lauren DiGiaro,4766,False
2017,New Jersey,District 32,Democratic,Vincent Prieto,23633,True
2017,New Jersey,District 32,Democratic,Vincent Prieto,23063,True
2017,New Jersey,District 32,Republican,Ann Corletta,5512,False
2017,New Jersey,District 32,Republican,Bartholomew Talamini,5434,False
2017,New Jersey,District 33,Democratic,Annette Chaparro,32988,True
2017,New Jersey,District 33,Democratic,Raj Mukherji,31997,True
2017,New Jersey,District 33,Republican,Holly Lucyk,5697,False
2017,New Jersey,District 34,Democratic,Sheila Oliver,34340,True
2017,New Jersey,District 34,Democratic,Thomas Giblin,32751,True
2017,New Jersey,District 34,Republican,Nicholas Surgent,6637,False
2017,New Jersey,District 34,Republican,Tafari Anderson,6110,False
2017,New Jersey,District 35,Democratic,Benjie Wimberly,21406,True
2017,New Jersey,District 35,Democratic,Shavonda Sumter,21275,True
2017,New Jersey,District 35,Republican,Ibrahim Mahmoud,5435,False
2017,New Jersey,District 35,Republican,Nihad Younes,5366,False
2017,New Jersey,District 36,Democratic,Gary Schaer,22527,True
2017,New Jersey,District 36,Democratic,Marlene Caride,22419,True
2017,New Jersey,District 36,Republican,Paul Passamano,13245,False
2017,New Jersey,District 36,Republican,Marc Marsi,12372,False
2017,New Jersey,District 37,Democratic,Valerie Vainieri Huttle,31855,True
2017,New Jersey,District 37,Democratic,Gordon Johnson,31798,True
2017,New Jersey,District 37,Republican,Gino Tessaro,10610,False
2017,New Jersey,District 37,Republican,Gino Tessaro,10576,False
2017,New Jersey,District 37,Libertarian,Claudio Belusic,392,False
2017,New Jersey,District 38,Democratic,Joseph Lagana,30800,True
2017,New Jersey,District 38,Democratic,Timothy Eustace,30727,True
2017,New Jersey,District 38,Republican,Bill Leonard,21541,False
2017,New Jersey,District 38,Republican,Christopher Wolf,21525,False
2017,New Jersey,District 38,Independent- NJ Awakens,Dev Goswami,533,False
2017,New Jersey,District 39,Republican,Holly Schepisi,34158,True
2017,New Jersey,District 39,Republican,Robert Auth,32739,True
2017,New Jersey,District 39,Democratic,Jannie Chung,29126,False
2017,New Jersey,District 39,Democratic,Annie Hausmann,28862,False
2017,New Jersey,District 40,Republican,Kevin Rooney,31170,True
2017,New Jersey,District 40,Republican,Christopher DePhillips,30610,True
2017,New Jersey,District 40,Democratic,Christine Ordway,27092,False
2017,New Jersey,District 40,Democratic,Paul Vagianos,26737,False
2017,New Jersey,District 40,You Tell Me,Anthony J. Pellechia,748,False
